0,10.83175277709961,10.822295188903809,18.73167586326599
0,4.208119869232178,4.208764553070068,160.95209121704102
0,4.208119869232178,4.208764553070068,10.12956190109253
0,4.208119869232178,4.208764553070068,12.518959283828735
0,4.208119869232178,4.208764553070068,10.290337800979614
50,1.2752231359481812,1.245753288269043,174.66557908058167
0,3.204218864440918,3.1516966819763184,12.28200387954712
50,3.077908515930176,3.0275509357452393,37.942476987838745
0,3.2039954662323,3.1512765884399414,50.769339084625244
50,3.0706286430358887,3.0233678817749023,120.60455799102783
0,3.211444616317749,3.148249626159668,1.8057804107666016
50,3.0738272666931152,3.0218639373779297,22.70275616645813
100,2.7160069942474365,2.6906185150146484,44.08743405342102
0,3.2042670249938965,3.1434576511383057,30.694727897644043
50,3.029728412628174,2.980137586593628,50.90927600860596
100,2.654479742050171,2.626955270767212,69.96457409858704
150,2.557138681411743,2.540433168411255,89.68019890785217
200,2.4915051460266113,2.4717676639556885,107.30493903160095
250,2.3836252689361572,2.3589653968811035,127.19498610496521
300,2.2405755519866943,2.215017318725586,145.4333279132843
350,2.1187798976898193,2.100729465484619,163.24572491645813
400,2.022486448287964,2.047072649002075,181.4347460269928
450,1.9911266565322876,1.966355562210083,198.89842200279236
500,1.911868691444397,1.9039504528045654,216.89694595336914
550,1.8586317300796509,1.8585562705993652,235.61068081855774
600,1.8099578619003296,1.8143854141235352,254.2408390045166
650,1.762862205505371,1.7720319032669067,272.18540596961975
700,1.711176872253418,1.750052809715271,289.72379088401794
750,1.686537742614746,1.7007032632827759,307.251424074173
800,1.6678506135940552,1.6790456771850586,324.71527886390686
850,1.639449119567871,1.635465145111084,342.1451909542084
900,1.6190011501312256,1.619704008102417,360.66194796562195
950,1.5805108547210693,1.6053866147994995,378.37627696990967
1000,1.5935848951339722,1.5787343978881836,395.8257040977478
1050,1.5523988008499146,1.5644736289978027,413.7517840862274
1100,1.5386748313903809,1.557405948638916,431.0692391395569
0,3.2042670249938965,3.1434576511383057,3.0398740768432617
50,3.029728412628174,2.980137586593628,23.374174118041992
100,2.654479742050171,2.626955270767212,41.06229114532471
150,2.557138681411743,2.540433168411255,58.71270799636841
200,2.4915051460266113,2.4717676639556885,76.28435015678406
250,2.3836252689361572,2.3589653968811035,93.93383193016052
300,2.2405755519866943,2.215017318725586,111.4690010547638
350,2.1187798976898193,2.100729465484619,129.13105702400208
400,2.022486448287964,2.047072649002075,146.78851199150085
450,1.9911266565322876,1.966355562210083,164.4641990661621
500,1.911868691444397,1.903950810432434,182.13128781318665
550,1.8586317300796509,1.8585562705993652,199.70221090316772
600,1.8099578619003296,1.8143855333328247,217.29625296592712
650,1.762862205505371,1.7720319032669067,234.60516786575317
700,1.711176872253418,1.7500526905059814,252.02607607841492
750,1.686537742614746,1.7007032632827759,269.56548595428467
800,1.6678506135940552,1.6790456771850586,286.9798548221588
850,1.639449119567871,1.635465145111084,304.41515707969666
900,1.6190011501312256,1.619704008102417,321.76882100105286
950,1.5805108547210693,1.6053866147994995,339.25233697891235
1000,1.5935848951339722,1.5787343978881836,357.2155821323395
1050,1.5523988008499146,1.5644736289978027,374.5782811641693
1100,1.5386748313903809,1.557405948638916,392.1810450553894
0,4.222697734832764,4.222772598266602,1.1761810779571533
50,3.964064836502075,3.9743001461029053,16.9997820854187
100,3.208436965942383,3.189587354660034,30.969258069992065
150,3.0375561714172363,3.0420989990234375,44.99985194206238
200,2.9044997692108154,2.9114227294921875,59.235963106155396
250,2.712418794631958,2.723867416381836,73.27314496040344
300,2.548261880874634,2.5649259090423584,87.19700407981873
350,2.4363253116607666,2.4189722537994385,101.2623131275177
400,2.302910804748535,2.300874948501587,115.36653113365173
450,2.216231107711792,2.2379791736602783,129.361976146698
500,2.1600725650787354,2.1720778942108154,143.37095022201538
550,2.120312452316284,2.116887092590332,158.11125707626343
600,2.067862033843994,2.065849781036377,172.2960560321808
650,2.0234246253967285,2.033945322036743,186.57206916809082
700,1.990898847579956,1.9922593832015991,200.6307430267334
750,1.963594913482666,1.9720776081085205,214.6735441684723
800,1.9244235754013062,1.9219250679016113,228.80048823356628
850,1.8820990324020386,1.9073487520217896,242.95369696617126
900,1.8524484634399414,1.880998969078064,258.05573296546936
950,1.84421706199646,1.8587844371795654,273.7631690502167
1000,1.8144676685333252,1.8474737405776978,287.91514015197754
1050,1.7847293615341187,1.8354474306106567,302.1781768798828
0,4.219143867492676,4.218858242034912,1.1543622016906738
50,3.0901405811309814,3.089108467102051,24.319952249526978
100,2.8191967010498047,2.799240827560425,46.262707233428955
150,2.5699663162231445,2.5617432594299316,68.39576411247253
200,2.3843932151794434,2.4069013595581055,90.43202805519104
250,2.272662878036499,2.2699155807495117,112.53034901618958
300,2.175363063812256,2.1644012928009033,134.4718360900879
350,2.073608160018921,2.081348180770874,156.51488518714905
400,2.008563756942749,2.0312395095825195,178.6161150932312
450,1.942964792251587,1.9967412948608398,200.6933512687683
500,1.893155574798584,1.9299883842468262,222.7848300933838
550,1.887784719467163,1.914319634437561,244.9317512512207
600,1.8500438928604126,1.8714860677719116,266.8684010505676
650,1.7938483953475952,1.8603380918502808,288.8648009300232
700,1.7778831720352173,1.8255016803741455,312.4312391281128
750,1.7540098428726196,1.8126983642578125,334.59857296943665
800,1.7236911058425903,1.7800782918930054,357.0802171230316
850,1.6893279552459717,1.7726426124572754,379.3017499446869
900,1.6669726371765137,1.7441314458847046,401.43651032447815
950,1.6553106307983398,1.7347843647003174,423.4079051017761
1000,1.6361385583877563,1.7326184511184692,445.34466314315796
0,4.2189040184021,4.2194695472717285,2.9825360774993896
20,3.06060791015625,3.061764717102051,27.473412036895752
40,2.8226571083068848,2.8324761390686035,51.84951424598694
60,2.6751956939697266,2.6694817543029785,75.9824149608612
80,2.5966970920562744,2.629420280456543,110.26712322235107
100,2.5005202293395996,2.5078418254852295,133.0412609577179
120,2.4154655933380127,2.4025747776031494,156.03896117210388
140,2.319552183151245,2.3096492290496826,180.1551489830017
160,2.2695090770721436,2.257502794265747,203.1306221485138
180,2.225029468536377,2.1966025829315186,226.52255392074585
200,2.168036937713623,2.183448314666748,249.85212302207947
220,2.1508493423461914,2.1546127796173096,272.5130920410156
240,2.1170156002044678,2.113734483718872,295.35199308395386
260,2.082125425338745,2.1089882850646973,317.9603910446167
280,2.0731117725372314,2.081381320953369,341.0067820549011
300,2.0463473796844482,2.061708688735962,364.1239058971405
320,2.0341315269470215,2.0619781017303467,387.696328163147
340,2.0260183811187744,2.045098304748535,410.90022325515747
360,2.0117597579956055,2.0372514724731445,433.63890504837036
0,4.219143867492676,4.218858242034912,6.142009973526001
20,3.063823938369751,3.062403917312622,16.486093044281006
40,2.8367385864257812,2.835360050201416,26.67275595664978
60,2.6877853870391846,2.673882246017456,36.76481795310974
80,2.597470998764038,2.6051511764526367,47.90869092941284
100,2.4786057472229004,2.4882566928863525,63.26976799964905
120,2.3148555755615234,2.3215057849884033,78.29151320457458
140,2.1969573497772217,2.220188617706299,93.30569195747375
160,2.099317789077759,2.102964401245117,108.43375587463379
180,2.030562162399292,2.028808832168579,123.85260605812073
0,4.219143867492676,4.218858242034912,1.9187891483306885
20,3.969599723815918,3.966487169265747,17.016035079956055
40,3.76739501953125,3.766873836517334,32.529536962509155
60,3.5540432929992676,3.550121784210205,47.317538022994995
80,3.3610665798187256,3.370544195175171,62.0878210067749
100,3.2368361949920654,3.2345666885375977,77.00814294815063
120,3.129366159439087,3.1436963081359863,91.9465389251709
140,3.065330743789673,3.063882350921631,106.65227699279785
160,3.010361433029175,3.00985050201416,121.18128204345703
0,4.219143867492676,4.218858242034912,2.327829122543335
20,3.063823938369751,3.062403678894043,17.32308578491211
40,2.8367388248443604,2.835360050201416,32.05894088745117
60,2.6877853870391846,2.673882246017456,46.53381085395813
80,2.5974645614624023,2.605146884918213,61.01766395568848
100,2.47841215133667,2.4880335330963135,75.94851684570312
120,2.3146045207977295,2.321171283721924,90.43053793907166
140,2.195971727371216,2.219662666320801,104.99172782897949
160,2.0984058380126953,2.10188889503479,119.77050709724426
180,2.0299417972564697,2.028061628341675,134.46203875541687
200,1.9867291450500488,1.9795719385147095,148.90728306770325
220,1.9194340705871582,1.931185007095337,163.77138376235962
240,1.8938510417938232,1.9024014472961426,178.21256685256958
260,1.8453609943389893,1.8977700471878052,192.63228392601013
280,1.8168056011199951,1.8364719152450562,207.17971277236938
300,1.786360740661621,1.8305855989456177,221.85692977905273
320,1.7695600986480713,1.7983982563018799,236.35027289390564
340,1.7251794338226318,1.7990310192108154,251.05804991722107
360,1.7071071863174438,1.7617366313934326,265.41530299186707
380,1.679158329963684,1.7718297243118286,280.20139598846436
400,1.6487388610839844,1.7379705905914307,294.4436948299408
420,1.6563427448272705,1.7106690406799316,309.01424288749695
440,1.6136703491210938,1.7183092832565308,323.6655399799347
460,1.610152006149292,1.6614166498184204,339.2126019001007
480,1.5732815265655518,1.678473949432373,354.98820781707764
500,1.5559931993484497,1.6558411121368408,369.5501630306244
520,1.5844851732254028,1.6624630689620972,384.2132580280304
540,1.5308586359024048,1.6383881568908691,398.7081480026245
560,1.4970555305480957,1.6235325336456299,413.537348985672
580,1.5227962732315063,1.6247323751449585,428.01065611839294
600,1.4949508905410767,1.600451946258545,442.5142197608948
620,1.4980159997940063,1.6052838563919067,457.15497303009033
640,1.449230670928955,1.567885398864746,471.64256477355957
660,1.4726635217666626,1.5945473909378052,486.0715310573578
680,1.4337222576141357,1.5844411849975586,500.42367696762085
700,1.4192335605621338,1.5894370079040527,514.970294713974
720,1.4469488859176636,1.5570756196975708,529.4179379940033
740,1.414949655532837,1.5463024377822876,544.0233747959137
760,1.4109814167022705,1.5431022644042969,558.5987520217896
780,1.3826483488082886,1.511184573173523,573.3488247394562
800,1.3941106796264648,1.5371307134628296,588.4019610881805
820,1.371933102607727,1.5117660760879517,603.1762299537659
840,1.356508493423462,1.520365595817566,618.5929160118103
860,1.3688056468963623,1.5057862997055054,633.1327908039093
880,1.34269118309021,1.5001980066299438,647.8643229007721
900,1.3316668272018433,1.4999608993530273,662.3490698337555
920,1.2987186908721924,1.5149623155593872,676.8188149929047
940,1.3357199430465698,1.476389765739441,691.4697589874268
960,1.3220781087875366,1.4542042016983032,704.6166400909424
980,1.2924761772155762,1.4977818727493286,715.8752439022064
1000,1.2917230129241943,1.5036742687225342,729.4600319862366
1020,1.2942239046096802,1.4551981687545776,739.1008858680725
1040,1.2882286310195923,1.4621896743774414,748.8324177265167
1060,1.2857863903045654,1.471876621246338,758.3716387748718
1080,1.2675036191940308,1.408988356590271,767.7895839214325
1100,1.2673368453979492,1.4538885354995728,777.2493550777435
1120,1.2748467922210693,1.436934232711792,786.3382930755615
1140,1.2420787811279297,1.5006299018859863,795.4686059951782
1160,1.2508254051208496,1.4704006910324097,804.6693179607391
1180,1.2506135702133179,1.428687572479248,814.271094083786
1200,1.2255746126174927,1.432712197303772,824.4879679679871
1220,1.2374017238616943,1.469472050666809,835.0128388404846
1240,1.2139989137649536,1.45884370803833,844.2495958805084
1260,1.2155758142471313,1.4805206060409546,854.0525319576263
1280,1.217461109161377,1.4330041408538818,863.7960338592529
1300,1.2239021062850952,1.422591209411621,873.5971548557281
1320,1.1925398111343384,1.4220808744430542,883.1098208427429
1340,1.1967312097549438,1.4414459466934204,892.3715977668762
1360,1.1831028461456299,1.4428001642227173,901.7073829174042
1380,1.1795969009399414,1.4184901714324951,910.9895639419556
1400,1.1924669742584229,1.4126386642456055,920.3586659431458
1420,1.1619945764541626,1.4578608274459839,929.7211968898773
1440,1.1610078811645508,1.3980822563171387,939.0415828227997
1460,1.1341845989227295,1.4352818727493286,948.5233669281006
1480,1.1697784662246704,1.4077001810073853,957.8737778663635
1500,1.1701165437698364,1.4327419996261597,967.2375719547272
1520,1.1396360397338867,1.414154052734375,976.5681018829346
1540,1.142469048500061,1.4481844902038574,985.7968089580536
1560,1.1401379108428955,1.464211106300354,995.1700518131256
1580,1.1432583332061768,1.4040433168411255,1004.4871571063995
1600,1.155019998550415,1.415725588798523,1014.2257890701294
1620,1.1172040700912476,1.3756606578826904,1023.6024389266968
1640,1.1246752738952637,1.397567629814148,1033.147197008133
1660,1.1157126426696777,1.400117039680481,1042.4787528514862
1680,1.1027814149856567,1.4767903089523315,1051.8682577610016
1700,1.1156339645385742,1.3885889053344727,1061.9128658771515
1720,1.112707495689392,1.4428222179412842,1071.428531885147
1740,1.1061046123504639,1.4413011074066162,1080.8658030033112
1760,1.0890811681747437,1.437760353088379,1090.3020460605621
1780,1.1176546812057495,1.3928805589675903,1099.7584879398346
1800,1.111479640007019,1.43585205078125,1109.221552848816
1820,1.0719188451766968,1.4454878568649292,1118.6647980213165
1840,1.0901024341583252,1.4690163135528564,1128.0459079742432
1860,1.0703725814819336,1.4211013317108154,1137.3136987686157
1880,1.0740851163864136,1.444299340248108,1146.6344199180603
1900,1.0573527812957764,1.4006541967391968,1156.016783952713
1920,1.0569558143615723,1.428855538368225,1165.453869819641
1940,1.0591245889663696,1.386043667793274,1174.8510389328003
1960,1.0910558700561523,1.3454680442810059,1184.2263989448547
1980,1.0546437501907349,1.4189609289169312,1193.617681980133
2000,1.0446428060531616,1.4030946493148804,1203.1328320503235
2020,1.0546846389770508,1.4163790941238403,1212.4775156974792
2040,1.0304123163223267,1.40036940574646,1222.3002560138702
2060,1.0234642028808594,1.4311785697937012,1232.2473468780518
2080,1.0462067127227783,1.4171236753463745,1241.9229340553284
2100,1.0389697551727295,1.3934696912765503,1251.2101628780365
2120,1.042635440826416,1.4217768907546997,1260.608242034912
2140,1.0257081985473633,1.4372936487197876,1269.8138809204102
2160,1.020662546157837,1.3782254457473755,1279.1079807281494
2180,1.0118330717086792,1.4357364177703857,1288.3537828922272
2200,1.0285553932189941,1.4102216958999634,1297.8715317249298
2220,1.0303884744644165,1.4414862394332886,1307.1674120426178
2240,1.027134895324707,1.3914597034454346,1316.5071530342102
2260,0.9920114278793335,1.4456558227539062,1325.7627608776093
2280,0.9998708367347717,1.4039220809936523,1335.1058540344238
2300,1.0094366073608398,1.3978326320648193,1344.3725259304047
2320,0.982323408126831,1.414719581604004,1353.7761569023132
2340,0.9775125980377197,1.3986036777496338,1363.2215330600739
2360,0.9768785834312439,1.4745696783065796,1372.4606578350067
2380,0.9886885285377502,1.3874188661575317,1381.7952568531036
2400,1.0179829597473145,1.3958642482757568,1390.9966368675232
2420,0.9958028197288513,1.4234637022018433,1400.1978409290314
2440,0.9917020201683044,1.4284902811050415,1409.6038999557495
2460,0.997816801071167,1.430434226989746,1418.966346025467
2480,0.9784536957740784,1.4226034879684448,1428.2765667438507
2500,0.9807115793228149,1.3924119472503662,1438.0161859989166
2520,0.9942342638969421,1.4091235399246216,1447.408751964569
2540,0.9821874499320984,1.478914499282837,1456.7685449123383
2560,0.9554916620254517,1.450722098350525,1466.0545098781586
2580,0.9609571695327759,1.455308437347412,1475.3261530399323
2600,0.9647195339202881,1.4134162664413452,1484.6709599494934
2620,0.9542192220687866,1.4220410585403442,1493.9775059223175
2640,0.9566369652748108,1.4567722082138062,1503.2450048923492
2660,0.9539677500724792,1.3977224826812744,1512.6468479633331
2680,0.9595609903335571,1.4309011697769165,1522.028951883316
2700,0.9635992646217346,1.4514704942703247,1531.3870978355408
2720,0.9376150369644165,1.4121392965316772,1540.7047929763794
2740,0.9534552097320557,1.4432220458984375,1550.075443983078
2760,0.9583701491355896,1.4004501104354858,1559.2867279052734
2780,0.9321703910827637,1.4890135526657104,1568.584686756134
2800,0.9312329888343811,1.403083324432373,1577.8518369197845
2820,0.932842493057251,1.410618782043457,1587.3620369434357
2840,0.9356341361999512,1.4766662120819092,1596.9318799972534
2860,0.9320164322853088,1.4906244277954102,1606.3335208892822
2880,0.9014260172843933,1.452233910560608,1615.7995629310608
0,4.219143867492676,4.218858242034912,1.1514761447906494
20,3.063823938369751,3.062403917312622,10.982696056365967
40,2.8367388248443604,2.835360050201416,20.43891406059265
60,2.6877853870391846,2.673882246017456,29.880298137664795
80,2.5974695682525635,2.6051502227783203,39.27330303192139
100,2.4785640239715576,2.488208293914795,48.68079924583435
120,2.3147897720336914,2.321427345275879,58.14118313789368
140,2.1966404914855957,2.2199599742889404,67.52971315383911
160,2.0989131927490234,2.102419853210449,76.96632409095764
180,2.0302586555480957,2.0286519527435303,86.48971509933472
200,1.9871881008148193,1.9802883863449097,95.98945903778076
220,1.9197558164596558,1.9319357872009277,105.44310808181763
240,1.8939599990844727,1.9030441045761108,114.89623403549194
260,1.8452221155166626,1.897516131401062,124.30477714538574
280,1.8171087503433228,1.83626127243042,133.77953100204468
300,1.7868058681488037,1.8313995599746704,143.3056869506836
320,1.769713282585144,1.798290729522705,152.66286611557007
340,1.7251750230789185,1.7997772693634033,162.20836806297302
360,1.7073816061019897,1.7626265287399292,171.5044460296631
380,1.6795828342437744,1.7713959217071533,181.04393315315247
400,1.648779273033142,1.738495945930481,190.42255806922913
420,1.6565845012664795,1.711245059967041,199.89440298080444
440,1.6136707067489624,1.7199386358261108,209.49986910820007
460,1.6105201244354248,1.6625277996063232,218.7707760334015
480,1.5735095739364624,1.6798477172851562,228.55523800849915
500,1.5559070110321045,1.6559160947799683,238.19564986228943
520,1.5844693183898926,1.6621099710464478,247.70436596870422
540,1.5314325094223022,1.63738214969635,257.1610550880432
560,1.4971193075180054,1.6234405040740967,266.654981136322
580,1.5221569538116455,1.6234718561172485,276.0507140159607
600,1.4949889183044434,1.5999603271484375,285.35806107521057
620,1.4981498718261719,1.6055052280426025,294.91614818573
640,1.4486383199691772,1.5672707557678223,304.2282860279083
660,1.4724119901657104,1.5944511890411377,313.7123911380768
680,1.4333359003067017,1.5843267440795898,323.0145630836487
700,1.419323444366455,1.591052532196045,332.3327078819275
720,1.446704387664795,1.5557761192321777,341.62574005126953
740,1.4138894081115723,1.5455148220062256,351.06950306892395
760,1.4101797342300415,1.5428466796875,360.56421279907227
780,1.3829721212387085,1.5122638940811157,370.15283703804016
800,1.3932538032531738,1.5366839170455933,379.70918011665344
0,4.263317108154297,4.266812801361084,7.2676169872283936
20,2.0265395641326904,2.0167925357818604,29.372091054916382
40,1.7211480140686035,1.695807695388794,50.79080605506897
0,4.22254753112793,4.2236647605896,16.462799072265625
20,2.548595666885376,2.545788288116455,38.072235107421875
40,2.311206102371216,2.2943787574768066,59.39804291725159
60,2.1667439937591553,2.1748342514038086,81.24922013282776
80,2.0982117652893066,2.110595703125,102.87062191963196
100,2.030170202255249,2.0979297161102295,124.24985814094543
120,1.9785717725753784,2.0541884899139404,145.93765711784363
140,1.9465829133987427,2.047386407852173,167.95798707008362
160,1.9245816469192505,1.983548879623413,189.45894813537598
180,1.8681292533874512,1.982621431350708,211.21807479858398
200,1.8485054969787598,1.9747564792633057,233.1114308834076
0,4.263317108154297,4.266812801361084,2.5228917598724365
20,2.0265395641326904,2.0167925357818604,24.11982297897339
40,1.721147894859314,1.695807695388794,45.42257595062256
60,1.612888216972351,1.6092108488082886,66.74605989456177
80,1.5523241758346558,1.5560451745986938,88.17310404777527
100,1.432989478111267,1.45839262008667,109.6648530960083
0,4.263317108154297,4.266812801361084,7.179287672042847
20,2.0265395641326904,2.0167925357818604,29.273602724075317
40,1.7211477756500244,1.695807695388794,50.74635982513428
60,1.6128878593444824,1.6092103719711304,72.52256894111633
80,1.5510064363479614,1.5554420948028564,94.08117175102234
100,1.438029170036316,1.4665629863739014,116.13007998466492
0,4.263317108154297,4.266812801361084,2.5091352462768555
20,2.0265395641326904,2.0167925357818604,23.92813515663147
40,1.7211462259292603,1.695806622505188,45.100659132003784
60,1.6128863096237183,1.6092082262039185,66.33912396430969
80,1.550634741783142,1.5554313659667969,87.54310297966003
100,1.433194875717163,1.4611870050430298,108.85400223731995
120,1.3455828428268433,1.3856728076934814,129.98443508148193
140,1.2941662073135376,1.3369472026824951,151.11197328567505
160,1.2576069831848145,1.27985417842865,172.4429850578308
180,1.199776530265808,1.2565431594848633,193.72767806053162
200,1.1714006662368774,1.2580777406692505,214.83936214447021
220,1.1358940601348877,1.232928991317749,235.9098780155182
240,1.1201900243759155,1.220728874206543,257.21460723876953
260,1.0865076780319214,1.2039926052093506,278.3764011859894
280,1.0692033767700195,1.206307053565979,299.69532799720764
300,1.044896125793457,1.15590238571167,320.8977801799774
320,1.0201586484909058,1.1407068967819214,342.3269293308258
340,1.0168536901474,1.1393204927444458,363.6428442001343
0,4.2186994552612305,4.215332508087158,195.37544298171997
0,4.342453479766846,4.346945285797119,170.9557707309723
0,4.239353179931641,4.235844135284424,67.60427212715149
20,1.8570733070373535,1.8313099145889282,864.2640149593353
40,1.6778924465179443,1.6787410974502563,1652.2726769447327
0,4.264559745788574,4.267242908477783,18.000273942947388
20,2.031749963760376,2.01487398147583,201.11749815940857
0,4.264559745788574,4.267242908477783,18.449346780776978
20,2.031749963760376,2.01487398147583,200.23080778121948
40,1.7018749713897705,1.6878734827041626,382.01725697517395
60,1.6127805709838867,1.6255929470062256,563.891263961792
80,1.5599993467330933,1.5567529201507568,747.3574299812317
0,4.264559745788574,4.267242908477783,17.644306898117065
20,2.031749963760376,2.01487398147583,202.20848298072815
40,1.7018744945526123,1.6878728866577148,384.238303899765
0,4.2423415184021,4.240454196929932,17.688783168792725
20,2.044088363647461,2.025517702102661,203.2582950592041
0,4.264559745788574,4.267242908477783,17.699565172195435
20,2.031749963760376,2.01487398147583,202.18261408805847
40,1.7018744945526123,1.6878732442855835,386.73694229125977
60,1.612758755683899,1.6255532503128052,570.7730062007904
0,4.264559745788574,4.267242908477783,24.28412103652954
0,4.264559745788574,4.267242908477783,31.034129858016968
20,2.0314133167266846,2.0128161907196045,778.170402765274
0,4.264559745788574,4.267242908477783,61.422269105911255
20,2.0314133167266846,2.0128161907196045,271.1464681625366
40,1.7087544202804565,1.6913707256317139,478.4580760002136
0,4.264559745788574,4.267242908477783,18.14323401451111
20,2.0314133167266846,2.0128161907196045,533.6095740795135
40,1.7087544202804565,1.6913707256317139,767.6214282512665
0,4.264542102813721,4.267168045043945,19.341192960739136
0,4.264833927154541,4.267072677612305,49.15553903579712
0,4.264833927154541,4.267072677612305,17.93715000152588
20,2.0310704708099365,2.013472080230713,222.88471698760986
0,4.264561653137207,4.2671074867248535,22.38891291618347
20,2.0286645889282227,2.0101537704467773,231.79349827766418
40,1.7192884683609009,1.6989353895187378,750.5734379291534
0,4.264108180999756,4.267116546630859,18.078487157821655
20,2.0285282135009766,2.0121965408325195,226.10634803771973
40,1.7250831127166748,1.7008538246154785,437.16942596435547
0,4.307198524475098,4.3082990646362305,43.0774347782135
20,2.1537439823150635,2.1742475032806396,737.1702389717102
40,1.01566481590271,1.0323748588562012,1581.0292990207672
0,4.307198524475098,4.3082990646362305,42.769814014434814
0,4.312440395355225,4.313414096832275,43.17899298667908
20,2.3126537799835205,2.3374898433685303,594.8662660121918
40,2.0432803630828857,2.07420015335083,1145.6378118991852
60,1.949103593826294,1.9690312147140503,1696.1866459846497
80,1.8738387823104858,1.9182130098342896,2246.184401035309
0,4.3087382316589355,4.309947967529297,43.22696781158447
0,4.272597789764404,4.268932342529297,16.694625854492188
20,0.7001786231994629,0.7099792957305908,284.60195994377136
0,4.2711405754089355,4.267346382141113,17.000288009643555
20,0.7033134698867798,0.7134551405906677,173.65888714790344
0,4.266043663024902,4.266423225402832,21.888665199279785
20,2.9176268577575684,2.94233775138855,178.3887071609497
40,2.6180431842803955,2.6487131118774414,334.0803382396698
60,2.3403115272521973,2.439483642578125,490.39025616645813
80,2.142357587814331,2.307244300842285,647.2225632667542
100,1.9789947271347046,2.2180750370025635,802.3169271945953
120,1.8140698671340942,2.134366512298584,957.8610780239105
140,1.7162879705429077,2.0999176502227783,1113.1962423324585
160,1.627781629562378,2.0763158798217773,1268.569461107254
0,4.2711405754089355,4.267346382141113,16.5239737033844
20,0.7033133506774902,0.7134551405906677,170.88317680358887
40,0.10898024588823318,0.11115388572216034,325.88434386253357
0,4.271398544311523,4.26760196685791,17.35400915145874
20,0.6994615793228149,0.7098953127861023,198.49600315093994
0,4.271398544311523,4.26760196685791,17.00223207473755
0,4.279881000518799,4.276495933532715,45.661625146865845
20,0.6394284963607788,0.6479136943817139,476.3219530582428
0,4.279716968536377,4.276156425476074,38.918328046798706
20,0.6397445797920227,0.6482549905776978,404.72245717048645
0,4.266168594360352,4.265532970428467,102.29236507415771
20,2.641214609146118,2.6505472660064697,473.80838203430176
40,2.3385212421417236,2.3515419960021973,844.2214770317078
60,2.190202474594116,2.2282564640045166,1216.777904033661
80,2.022118330001831,2.104937791824341,1587.0006639957428
0,4.263982772827148,4.262784957885742,84.59758281707764
20,2.7084851264953613,2.711866855621338,233.29427099227905
40,2.400167226791382,2.4226624965667725,381.00191473960876
60,2.259794235229492,2.302692174911499,527.2236988544464
80,2.1113431453704834,2.207636594772339,674.5074889659882
0,4.226507186889648,4.2269697189331055,7.6001060009002686
20,3.6773107051849365,3.701634168624878,48.78106212615967
40,3.4347033500671387,3.4726626873016357,88.94776606559753
60,3.3497564792633057,3.3938841819763184,128.98314905166626
80,3.3285815715789795,3.363075017929077,169.37843418121338
0,4.223796367645264,4.224248886108398,9.263301134109497
20,3.387936592102051,3.4308881759643555,68.29973125457764
40,3.318345069885254,3.3647243976593018,127.07977318763733
0,4.270923614501953,4.268139839172363,17.412086963653564
0,4.264161586761475,4.262405872344971,79.95389199256897
20,2.6913328170776367,2.70017147064209,244.3117799758911
40,2.1357686519622803,2.2171688079833984,405.6031548976898
60,1.6779837608337402,1.844435214996338,566.3347008228302
80,1.2976412773132324,1.562679648399353,727.3003218173981
100,1.0600546598434448,1.4052320718765259,1004.171972990036
120,0.9095511436462402,1.3130252361297607,1165.5796811580658
0,4.230758190155029,4.229181289672852,112.4370710849762
20,3.244112253189087,3.28471040725708,269.855416059494
40,2.8857531547546387,2.899949550628662,427.0079400539398
60,2.5623974800109863,2.5784575939178467,585.310958147049
80,2.2945785522460938,2.349541187286377,1052.4796857833862
0,4.231967926025391,4.230301380157471,17.22520399093628
20,3.2795417308807373,3.321246385574341,175.38142800331116
40,2.972994804382324,2.9901010990142822,330.6687409877777
60,2.6852800846099854,2.7057111263275146,489.3707220554352
80,2.4154491424560547,2.467405080795288,648.4841959476471
100,2.2465548515319824,2.338977098464966,810.6231579780579
120,2.058725595474243,2.1948232650756836,971.3739190101624
140,1.8917994499206543,2.095865249633789,1223.2212591171265
160,1.8115216493606567,2.0608105659484863,1383.0592498779297
0,4.250420570373535,4.252138137817383,26.410420894622803
0,4.252519607543945,4.2544097900390625,26.205192804336548
20,3.3101301193237305,3.3558413982391357,298.1220819950104
40,3.315708875656128,3.3542871475219727,566.8449788093567
60,3.0362250804901123,3.051273822784424,835.7053570747375
80,2.854501962661743,2.8589000701904297,1109.2945368289948
100,2.5160133838653564,2.52597713470459,1382.0160238742828
120,2.2779529094696045,2.293844223022461,1650.7727148532867
140,2.085710287094116,2.119525194168091,1924.091293811798
0,4.2590460777282715,4.2580695152282715,20.068187713623047
20,3.399137496948242,3.437235116958618,160.64460372924805
40,3.1584436893463135,3.1588568687438965,299.3321359157562
60,2.9671108722686768,2.9626529216766357,438.90781474113464
80,2.7233386039733887,2.7381579875946045,577.90891289711
100,2.5556371212005615,2.5736451148986816,715.8069448471069
120,2.4214093685150146,2.4559743404388428,857.4387979507446
140,2.279994010925293,2.3130075931549072,996.1427807807922
160,2.1673035621643066,2.235468864440918,1134.9492180347443
180,2.1064913272857666,2.162168502807617,1276.5661199092865
200,2.0276944637298584,2.1153006553649902,1416.866724729538
0,4.257260322570801,4.256364822387695,15.678661108016968
20,3.397143602371216,3.4345571994781494,161.42434215545654
40,3.250941276550293,3.267740488052368,307.5527980327606
60,3.142543315887451,3.1526401042938232,450.52905321121216
80,3.034243106842041,3.0508928298950195,591.1850502490997
100,2.8684401512145996,2.901718854904175,733.9902920722961
120,2.7363593578338623,2.775290012359619,880.5362160205841
140,2.6414294242858887,2.702502489089966,1027.927303314209
160,2.556260347366333,2.639583110809326,1170.7620911598206
180,2.511445999145508,2.6053760051727295,1315.0049200057983
200,2.4427151679992676,2.557594060897827,1459.4131140708923
220,2.403698682785034,2.5197360515594482,1603.087177991867
0,4.230758190155029,4.229181289672852,46.40846800804138
20,3.2441015243530273,3.284696102142334,221.89340996742249
40,2.8905913829803467,2.9015586376190186,384.6339042186737
60,2.564058542251587,2.576531171798706,547.097718000412
80,2.281900405883789,2.3295814990997314,708.1068170070648
100,2.0813660621643066,2.1557962894439697,869.8536622524261
120,1.9189797639846802,2.042844533920288,1039.5175321102142
140,1.7831274271011353,1.9398502111434937,1215.2449131011963
160,1.686159610748291,1.8910186290740967,1381.2590901851654
180,1.585591435432434,1.806850552558899,1560.2429201602936
0,4.230745792388916,4.22917366027832,18.399611949920654
20,3.2433769702911377,3.284099817276001,188.13364791870117
40,2.879856586456299,2.8947134017944336,349.3422830104828
60,2.5484466552734375,2.5618021488189697,509.2859859466553
80,2.3101096153259277,2.3455169200897217,677.276880979538
0,4.238570690155029,4.237314224243164,17.846771955490112
20,3.321976661682129,3.3608875274658203,217.51289868354797
40,3.133620500564575,3.2113311290740967,407.02409386634827
60,3.001326084136963,3.1392486095428467,596.8045115470886
80,2.8201684951782227,3.0185492038726807,785.6925158500671
100,2.6090352535247803,2.9167003631591797,961.4081158638
120,2.4676074981689453,2.845094919204712,1136.253170967102
140,2.3771023750305176,2.826205253601074,1314.3784217834473
0,4.258800983428955,4.258485794067383,16.881834030151367
20,3.3025200366973877,3.3379037380218506,85.15143513679504
40,2.809807062149048,2.8642327785491943,151.55139994621277
60,1.9479411840438843,2.006636381149292,221.5802891254425
0,4.244372844696045,4.243052959442139,15.569478988647461
20,3.053748846054077,3.081575870513916,86.42772603034973
40,3.3245537281036377,3.3454174995422363,156.3898720741272
60,2.5815186500549316,2.6028048992156982,226.2671549320221
80,2.487715721130371,2.5165295600891113,296.10837388038635
100,2.4887282848358154,2.51762318611145,365.75540494918823
120,2.3986427783966064,2.4256627559661865,435.3569269180298
140,2.267827272415161,2.305685043334961,505.0211660861969
160,2.1762914657592773,2.237407684326172,575.1642589569092
0,4.248746871948242,4.2487030029296875,17.79978108406067
20,3.3216192722320557,3.359051465988159,87.86071705818176
40,3.3121144771575928,3.3455681800842285,155.3597571849823
0,4.2489399909973145,4.248839855194092,10.95240306854248
20,3.3216769695281982,3.3590810298919678,78.73195505142212
40,3.312098741531372,3.3455257415771484,146.16104316711426
60,3.2921364307403564,3.33066463470459,213.5625729560852
80,3.0723156929016113,3.163776159286499,280.7991750240326
100,2.8080077171325684,2.9208011627197266,348.8255121707916
120,2.594517707824707,2.731079339981079,419.04648423194885
140,2.459787607192993,2.62869930267334,486.3212151527405
160,2.314852476119995,2.5065536499023438,556.5579380989075
180,2.1997885704040527,2.4528250694274902,625.3420341014862
200,2.1395444869995117,2.4167869091033936,695.6397471427917
220,2.035872220993042,2.354694128036499,764.7684190273285
240,1.9558396339416504,2.3395724296569824,830.7984161376953
260,1.8782626390457153,2.298004388809204,897.9737720489502
280,1.8060375452041626,2.2650089263916016,966.54079413414
300,1.7517257928848267,2.2577948570251465,1034.6653909683228
320,1.7096775770187378,2.2447049617767334,1103.989336013794
340,1.656306505203247,2.2367606163024902,1172.5022308826447
360,1.6091113090515137,2.225764274597168,1240.2750310897827
380,1.5624464750289917,2.208500385284424,1307.759365081787
400,1.5228707790374756,2.240769624710083,1643.233938217163
420,1.474360466003418,2.229621171951294,1708.3174769878387
440,1.4249768257141113,2.267652988433838,1773.1903929710388
460,1.3850094079971313,2.2714807987213135,1838.3381218910217
0,4.2489399909973145,4.248839855194092,10.48090386390686
20,3.3216769695281982,3.3590810298919678,79.32258415222168
40,3.312098741531372,3.3455257415771484,146.25786590576172
60,3.292140483856201,3.3306665420532227,214.27297616004944
80,3.100663423538208,3.193284511566162,282.4472050666809
100,2.845768451690674,2.942955255508423,349.93305110931396
120,2.625286817550659,2.7639334201812744,417.83315896987915
140,2.4857006072998047,2.630387544631958,484.71100997924805
160,2.3641490936279297,2.544022560119629,551.7315239906311
180,2.239201545715332,2.475832223892212,618.6321210861206
200,2.1317081451416016,2.4096763134002686,687.7112131118774
220,2.0436253547668457,2.3739545345306396,758.0907399654388
240,1.9286197423934937,2.327925443649292,828.343514919281
260,1.8522862195968628,2.292529344558716,899.2830369472504
280,1.801888108253479,2.2628467082977295,968.0022699832916
300,1.7464163303375244,2.2556793689727783,1037.8226900100708
320,1.690061330795288,2.224475622177124,1107.6209411621094
340,1.6437857151031494,2.2375643253326416,1177.2160198688507
360,1.5913653373718262,2.2171366214752197,1246.8672950267792
380,1.5473099946975708,2.2132515907287598,1316.458760023117
400,1.510919213294983,2.2349393367767334,1387.4522821903229
420,1.4576612710952759,2.228472948074341,1457.0867488384247
440,1.4077786207199097,2.2574148178100586,1526.5824990272522
460,1.3671362400054932,2.267652988433838,1596.9856300354004
480,1.3176164627075195,2.308457612991333,1666.5597178936005
500,1.2624752521514893,2.3420422077178955,1736.0608069896698
520,1.2180471420288086,2.370776653289795,1805.5429561138153
540,1.165615439414978,2.379265546798706,1875.143888950348
560,1.1168445348739624,2.412724256515503,1944.5695061683655
580,1.0872092247009277,2.4659464359283447,2015.171096086502
600,1.0347249507904053,2.4949393272399902,2083.7473061084747
620,0.9899494647979736,2.543778657913208,2154.1550579071045
640,0.9566998481750488,2.563281536102295,2222.892220020294
660,0.9145834445953369,2.6062192916870117,2294.8285818099976
680,0.8785552382469177,2.6492302417755127,2363.220541000366
0,4.2357378005981445,4.234617233276367,10.087388753890991
20,3.0492043495178223,3.0744669437408447,82.76455402374268
0,4.343493938446045,4.341131210327148,30.80275583267212
